Category,Total_Products,Avg_Return_Rate,Avg_Predicted_Prob
Automotive,70,0.15742857142857142,0.3343303855966477
Beauty,60,0.1753333333333333,0.4559453217099839
Books,61,0.15278688524590164,0.2790980426666982
Clothing,59,0.14796610169491525,0.31896579785284057
Electronics,67,0.15492537313432836,0.3244738932117893
Home & Kitchen,62,0.1420967741935484,0.2036030259909615
Sports,60,0.17600000000000002,0.42758676979556365
Toys,61,0.14032786885245901,0.31329845681349616
