Seller_Name,Total_Products,Avg_Return_Rate,Avg_Predicted_Prob
Seller_A,112,0.15142857142857144,0.32650220136571134
Seller_B,98,0.1583673469387755,0.28456294295003837
Seller_C,102,0.17068627450980392,0.3959742765446113
Seller_D,99,0.1495959595959596,0.28920031482517333
Seller_E,89,0.14831460674157304,0.3624464847531594
